Date,Time,Particulars,Debit,Credit,Balance
01-Oct-2026,08:29,318384251354 UPI CREDIT ARJUN VERMA,,300.00,90300.00
01-Oct-2026,09:14,249027874296 UPI CREDIT POOJA RAO,,300.00,90600.00
01-Oct-2026,09:46,UPI CREDIT KARTHIK SHARMA,,150.00,90750.00
01-Oct-2026,10:09,UPI CREDIT IMRAN GUPTA,,150.00,90900.00
01-Oct-2026,10:24,847468723430 UPI CREDIT ARJUN RAO,,150.00,91050.00
01-Oct-2026,12:56,579965075273 UPI CREDIT VIVAAN RAO,,150.00,91200.00
01-Oct-2026,13:38,324998569847 UPI DEBIT STATIONERY POINT,1200.00,,90000.00
01-Oct-2026,15:32,284700766177 UPI DEBIT TROPHY MART,4500.00,,85500.00
01-Oct-2026,18:53,948467737826 UPI CREDIT LAKSHMI REDDY,,300.00,85800.00
01-Oct-2026,21:07,469166978480 UPI CREDIT FATIMA SHARMA,,300.00,86100.00
02-Oct-2026,08:16,737556464170 UPI CREDIT ADITYA VERMA,,150.00,86250.00
02-Oct-2026,10:11,UPI CREDIT KARTHIK PATEL,,300.00,86550.00
02-Oct-2026,14:42,499468044369 UPI CREDIT ROHAN SHARMA,,300.00,86850.00
02-Oct-2026,17:20,440268117758 UPI DEBIT STAGE RENTALS,5800.00,,81050.00
02-Oct-2026,18:15,358692322602 UPI CREDIT FAIZAN KHAN,,150.00,81200.00
02-Oct-2026,19:55,943487347143 UPI CREDIT HARSHA REDDY,,300.00,81500.00
02-Oct-2026,20:57,242284210205 UPI DEBIT CATERING HUB,5700.00,,75800.00
02-Oct-2026,21:04,858404499727 UPI CREDIT SAI REDDY,,300.00,76100.00
03-Oct-2026,08:03,988208121913 UPI CREDIT ISHA DAS,,300.00,76400.00
03-Oct-2026,09:47,433749894134 UPI CREDIT MANOJ SHARMA,,500.00,76900.00
03-Oct-2026,10:38,324190496631 UPI CREDIT NAVEEN IYER,,300.00,77200.00
03-Oct-2026,11:41,UPI CREDIT NIKHIL DAS,,600.00,77800.00
03-Oct-2026,14:42,778713315098 UPI CREDIT AYESHA VERMA,,300.00,78100.00
03-Oct-2026,15:56,910932480861 UPI CREDIT SAI IYER,,300.00,78400.00
03-Oct-2026,18:05,528120679740 UPI CREDIT DIYA RAO,,300.00,78700.00
03-Oct-2026,18:57,926284987769 UPI CREDIT SANA SHARMA,,300.00,79000.00
03-Oct-2026,19:18,840909743953 UPI CREDIT POOJA PATEL,,300.00,79300.00
03-Oct-2026,21:30,367190229413 UPI CREDIT SNEHA IYER,,600.00,79900.00
04-Oct-2026,08:08,UPI CREDIT SWATHI DAS,,600.00,80500.00
04-Oct-2026,08:16,UPI CREDIT MEERA IYER,,300.00,80800.00
04-Oct-2026,09:43,693618324210 UPI CREDIT AYESHA PATEL,,500.00,81300.00
04-Oct-2026,10:17,517810801326 UPI CREDIT AARAV SHARMA,,300.00,81600.00
04-Oct-2026,11:06,856670106513 UPI CREDIT PRIYA REDDY,,500.00,82100.00
04-Oct-2026,11:54,358506431713 UPI DEBIT PRINT SHOP,3600.00,,78500.00
04-Oct-2026,13:26,712567468071 UPI CREDIT ISHAAN GUPTA,,600.00,79100.00
04-Oct-2026,13:42,827298069901 UPI CREDIT SWATHI NAIR,,300.00,79400.00
04-Oct-2026,15:23,892617964053 UPI DEBIT SOUND HIRE CO,1600.00,,77800.00
04-Oct-2026,17:54,UPI CREDIT DIYA IYER,,300.00,78100.00
04-Oct-2026,18:13,921489513433 UPI CREDIT MEERA SHARMA,,300.00,78400.00
04-Oct-2026,19:15,778856855744 UPI CREDIT ADITYA RAO,,300.00,78700.00
04-Oct-2026,20:42,UPI CREDIT SANA NAIR,,500.00,79200.00
04-Oct-2026,21:32,287603859770 UPI CREDIT SWATHI VERMA,,300.00,79500.00
05-Oct-2026,08:07,UPI CREDIT RAHUL REDDY,,500.00,80000.00
05-Oct-2026,08:39,899854353462 UPI CREDIT AARAV VERMA,,300.00,80300.00
05-Oct-2026,11:41,UPI CREDIT SAI KHAN,,300.00,80600.00
05-Oct-2026,11:49,UPI CREDIT ISHAAN IYER,,300.00,80900.00
05-Oct-2026,14:06,383673657661 UPI DEBIT PHOTO STUDIO,4000.00,,76900.00
05-Oct-2026,14:22,769816934060 UPI CREDIT KARTHIK RAO,,300.00,77200.00
05-Oct-2026,14:29,UPI CREDIT HARSHA IYER,,300.00,77500.00
05-Oct-2026,17:12,728809570154 UPI CREDIT SAI RAO,,150.00,77650.00
05-Oct-2026,19:01,870546688937 UPI CREDIT POOJA SHARMA,,150.00,77800.00
05-Oct-2026,19:56,UPI CREDIT FAIZAN PATEL,,300.00,78100.00
05-Oct-2026,20:17,UPI CREDIT AARAV PATEL,,300.00,78400.00
05-Oct-2026,20:41,284124118244 UPI CREDIT PRIYA RAO,,500.00,78900.00
05-Oct-2026,22:18,UPI CREDIT RIYA KHAN,,300.00,79200.00
05-Oct-2026,22:23,UPI CREDIT PRIYA DAS,,300.00,79500.00
06-Oct-2026,11:25,614586850142 UPI CREDIT ANANYA PATEL,,300.00,79800.00
06-Oct-2026,14:41,786578091343 UPI CREDIT ARJUN GUPTA,,300.00,80100.00
06-Oct-2026,16:08,208427109477 UPI CREDIT MEERA PATEL,,300.00,80400.00
06-Oct-2026,16:10,959464743671 UPI CREDIT IMRAN VERMA,,150.00,80550.00
06-Oct-2026,16:29,517278895798 UPI CREDIT RIYA PATEL,,300.00,80850.00
06-Oct-2026,17:01,732931839335 UPI DEBIT BANNER WORKS,4900.00,,75950.00
06-Oct-2026,18:03,305183473829 UPI CREDIT ADITYA DAS,,300.00,76250.00
06-Oct-2026,19:42,761595148465 UPI CREDIT FAIZAN IYER,,300.00,76550.00
06-Oct-2026,19:55,924005045562 UPI CREDIT MEERA GUPTA,,600.00,77150.00
06-Oct-2026,20:19,UPI CREDIT NEHA RAO,,300.00,77450.00
06-Oct-2026,20:42,410470952145 UPI CREDIT IMRAN DAS,,300.00,77750.00
06-Oct-2026,21:16,940164005242 UPI CREDIT SNEHA DAS,,300.00,78050.00
