Date,Narration,Chq/Ref No,Value Date,Withdrawal Amt,Deposit Amt,Closing Balance
01/10/26,UPI/CR/318384251354/ARJUN VERMA/arjun48@examplebank,100000,01/10/26,,300.00,90300.00
01/10/26,UPI/CR/249027874296/POOJA RAO/pooja51@examplebank,100001,01/10/26,,300.00,90600.00
01/10/26,UPI/CR/KARTHIK SHARMA/karthik40@examplebank,100002,01/10/26,,150.00,90750.00
01/10/26,UPI/CR/IMRAN GUPTA/imran50@examplebank,100003,01/10/26,,150.00,90900.00
01/10/26,UPI/CR/847468723430/ARJUN RAO/arjun37@examplebank,100004,01/10/26,,150.00,91050.00
01/10/26,UPI/CR/579965075273/VIVAAN RAO/vivaan41@examplebank,100005,01/10/26,,150.00,91200.00
01/10/26,UPI/DR/324998569847/STATIONERY POINT,100006,01/10/26,1200.00,,90000.00
01/10/26,UPI/DR/284700766177/TROPHY MART,100007,01/10/26,4500.00,,85500.00
01/10/26,UPI/CR/948467737826/LAKSHMI REDDY/lakshmi24@examplebank,100008,01/10/26,,300.00,85800.00
01/10/26,UPI/CR/469166978480/FATIMA SHARMA/fatima75@examplebank,100009,01/10/26,,300.00,86100.00
02/10/26,UPI/CR/737556464170/ADITYA VERMA/aditya27@examplebank,100010,02/10/26,,150.00,86250.00
02/10/26,UPI/CR/KARTHIK PATEL/karthik62@examplebank,100011,02/10/26,,300.00,86550.00
02/10/26,UPI/CR/499468044369/ROHAN SHARMA/rohan47@examplebank,100012,02/10/26,,300.00,86850.00
02/10/26,UPI/DR/440268117758/STAGE RENTALS,100013,02/10/26,5800.00,,81050.00
02/10/26,UPI/CR/358692322602/FAIZAN KHAN/faizan15@examplebank,100014,02/10/26,,150.00,81200.00
02/10/26,UPI/CR/943487347143/HARSHA REDDY/harsha80@examplebank,100015,02/10/26,,300.00,81500.00
02/10/26,UPI/DR/242284210205/CATERING HUB,100016,02/10/26,5700.00,,75800.00
02/10/26,UPI/CR/858404499727/SAI REDDY/sai86@examplebank,100017,02/10/26,,300.00,76100.00
03/10/26,UPI/CR/988208121913/ISHA DAS/isha79@examplebank,100018,03/10/26,,300.00,76400.00
03/10/26,UPI/CR/433749894134/MANOJ SHARMA/manoj25@examplebank,100019,03/10/26,,500.00,76900.00
03/10/26,UPI/CR/324190496631/NAVEEN IYER/naveen69@examplebank,100020,03/10/26,,300.00,77200.00
03/10/26,UPI/CR/NIKHIL DAS/nikhil16@examplebank,100021,03/10/26,,600.00,77800.00
03/10/26,UPI/CR/778713315098/AYESHA VERMA/ayesha98@examplebank,100022,03/10/26,,300.00,78100.00
03/10/26,UPI/CR/910932480861/SAI IYER/sai80@examplebank,100023,03/10/26,,300.00,78400.00
03/10/26,UPI/CR/528120679740/DIYA RAO/diya36@examplebank,100024,03/10/26,,300.00,78700.00
03/10/26,UPI/CR/926284987769/SANA SHARMA/sana23@examplebank,100025,03/10/26,,300.00,79000.00
03/10/26,UPI/CR/840909743953/POOJA PATEL/pooja83@examplebank,100026,03/10/26,,300.00,79300.00
03/10/26,UPI/CR/367190229413/SNEHA IYER/sneha33@examplebank,100027,03/10/26,,600.00,79900.00
04/10/26,UPI/CR/SWATHI DAS/swathi93@examplebank,100028,04/10/26,,600.00,80500.00
04/10/26,UPI/CR/MEERA IYER/meera81@examplebank,100029,04/10/26,,300.00,80800.00
04/10/26,UPI/CR/693618324210/AYESHA PATEL/ayesha46@examplebank,100030,04/10/26,,500.00,81300.00
04/10/26,UPI/CR/517810801326/AARAV SHARMA/aarav78@examplebank,100031,04/10/26,,300.00,81600.00
04/10/26,UPI/CR/856670106513/PRIYA REDDY/priya41@examplebank,100032,04/10/26,,500.00,82100.00
04/10/26,UPI/DR/358506431713/PRINT SHOP,100033,04/10/26,3600.00,,78500.00
04/10/26,UPI/CR/712567468071/ISHAAN GUPTA/ishaan72@examplebank,100034,04/10/26,,600.00,79100.00
04/10/26,UPI/CR/827298069901/SWATHI NAIR/swathi65@examplebank,100035,04/10/26,,300.00,79400.00
04/10/26,UPI/DR/892617964053/SOUND HIRE CO,100036,04/10/26,1600.00,,77800.00
04/10/26,UPI/CR/DIYA IYER/diya15@examplebank,100037,04/10/26,,300.00,78100.00
04/10/26,UPI/CR/921489513433/MEERA SHARMA/meera51@examplebank,100038,04/10/26,,300.00,78400.00
04/10/26,UPI/CR/778856855744/ADITYA RAO/aditya21@examplebank,100039,04/10/26,,300.00,78700.00
04/10/26,UPI/CR/SANA NAIR/sana52@examplebank,100040,04/10/26,,500.00,79200.00
04/10/26,UPI/CR/287603859770/SWATHI VERMA/swathi51@examplebank,100041,04/10/26,,300.00,79500.00
05/10/26,UPI/CR/RAHUL REDDY/rahul80@examplebank,100042,05/10/26,,500.00,80000.00
05/10/26,UPI/CR/899854353462/AARAV VERMA/aarav82@examplebank,100043,05/10/26,,300.00,80300.00
05/10/26,UPI/CR/SAI KHAN/sai81@examplebank,100044,05/10/26,,300.00,80600.00
05/10/26,UPI/CR/ISHAAN IYER/ishaan63@examplebank,100045,05/10/26,,300.00,80900.00
05/10/26,UPI/DR/383673657661/PHOTO STUDIO,100046,05/10/26,4000.00,,76900.00
05/10/26,UPI/CR/769816934060/KARTHIK RAO/karthik43@examplebank,100047,05/10/26,,300.00,77200.00
05/10/26,UPI/CR/HARSHA IYER/harsha54@examplebank,100048,05/10/26,,300.00,77500.00
05/10/26,UPI/CR/728809570154/SAI RAO/sai48@examplebank,100049,05/10/26,,150.00,77650.00
05/10/26,UPI/CR/870546688937/POOJA SHARMA/pooja59@examplebank,100050,05/10/26,,150.00,77800.00
05/10/26,UPI/CR/FAIZAN PATEL/faizan43@examplebank,100051,05/10/26,,300.00,78100.00
05/10/26,UPI/CR/AARAV PATEL/aarav24@examplebank,100052,05/10/26,,300.00,78400.00
05/10/26,UPI/CR/284124118244/PRIYA RAO/priya79@examplebank,100053,05/10/26,,500.00,78900.00
05/10/26,UPI/CR/RIYA KHAN/riya49@examplebank,100054,05/10/26,,300.00,79200.00
05/10/26,UPI/CR/PRIYA DAS/priya32@examplebank,100055,05/10/26,,300.00,79500.00
06/10/26,UPI/CR/614586850142/ANANYA PATEL/ananya39@examplebank,100056,06/10/26,,300.00,79800.00
06/10/26,UPI/CR/786578091343/ARJUN GUPTA/arjun43@examplebank,100057,06/10/26,,300.00,80100.00
06/10/26,UPI/CR/208427109477/MEERA PATEL/meera32@examplebank,100058,06/10/26,,300.00,80400.00
06/10/26,UPI/CR/959464743671/IMRAN VERMA/imran69@examplebank,100059,06/10/26,,150.00,80550.00
06/10/26,UPI/CR/517278895798/RIYA PATEL/riya38@examplebank,100060,06/10/26,,300.00,80850.00
06/10/26,UPI/DR/732931839335/BANNER WORKS,100061,06/10/26,4900.00,,75950.00
06/10/26,UPI/CR/305183473829/ADITYA DAS/aditya38@examplebank,100062,06/10/26,,300.00,76250.00
06/10/26,UPI/CR/761595148465/FAIZAN IYER/faizan78@examplebank,100063,06/10/26,,300.00,76550.00
06/10/26,UPI/CR/924005045562/MEERA GUPTA/meera65@examplebank,100064,06/10/26,,600.00,77150.00
06/10/26,UPI/CR/NEHA RAO/neha90@examplebank,100065,06/10/26,,300.00,77450.00
06/10/26,UPI/CR/410470952145/IMRAN DAS/imran89@examplebank,100066,06/10/26,,300.00,77750.00
06/10/26,UPI/CR/940164005242/SNEHA DAS/sneha53@examplebank,100067,06/10/26,,300.00,78050.00
