Date,Description,Amount,Balance
01-10-2026,UPI-318384251354-ARJUN VERMA-arjun48@examplebank,300.00 Cr,90300.00
01-10-2026,UPI-249027874296-POOJA RAO-pooja51@examplebank,300.00 Cr,90600.00
01-10-2026,UPI-KARTHIK SHARMA-karthik40@examplebank,150.00 Cr,90750.00
01-10-2026,UPI-IMRAN GUPTA-imran50@examplebank,150.00 Cr,90900.00
01-10-2026,UPI-847468723430-ARJUN RAO-arjun37@examplebank,150.00 Cr,91050.00
01-10-2026,UPI-579965075273-VIVAAN RAO-vivaan41@examplebank,150.00 Cr,91200.00
01-10-2026,UPI-324998569847-STATIONERY POINT-PAID,1200.00 Dr,90000.00
01-10-2026,UPI-284700766177-TROPHY MART-PAID,4500.00 Dr,85500.00
01-10-2026,UPI-948467737826-LAKSHMI REDDY-lakshmi24@examplebank,300.00 Cr,85800.00
01-10-2026,UPI-469166978480-FATIMA SHARMA-fatima75@examplebank,300.00 Cr,86100.00
02-10-2026,UPI-737556464170-ADITYA VERMA-aditya27@examplebank,150.00 Cr,86250.00
02-10-2026,UPI-KARTHIK PATEL-karthik62@examplebank,300.00 Cr,86550.00
02-10-2026,UPI-499468044369-ROHAN SHARMA-rohan47@examplebank,300.00 Cr,86850.00
02-10-2026,UPI-440268117758-STAGE RENTALS-PAID,5800.00 Dr,81050.00
02-10-2026,UPI-358692322602-FAIZAN KHAN-faizan15@examplebank,150.00 Cr,81200.00
02-10-2026,UPI-943487347143-HARSHA REDDY-harsha80@examplebank,300.00 Cr,81500.00
02-10-2026,UPI-242284210205-CATERING HUB-PAID,5700.00 Dr,75800.00
02-10-2026,UPI-858404499727-SAI REDDY-sai86@examplebank,300.00 Cr,76100.00
03-10-2026,UPI-988208121913-ISHA DAS-isha79@examplebank,300.00 Cr,76400.00
03-10-2026,UPI-433749894134-MANOJ SHARMA-manoj25@examplebank,500.00 Cr,76900.00
03-10-2026,UPI-324190496631-NAVEEN IYER-naveen69@examplebank,300.00 Cr,77200.00
03-10-2026,UPI-NIKHIL DAS-nikhil16@examplebank,600.00 Cr,77800.00
03-10-2026,UPI-778713315098-AYESHA VERMA-ayesha98@examplebank,300.00 Cr,78100.00
03-10-2026,UPI-910932480861-SAI IYER-sai80@examplebank,300.00 Cr,78400.00
03-10-2026,UPI-528120679740-DIYA RAO-diya36@examplebank,300.00 Cr,78700.00
03-10-2026,UPI-926284987769-SANA SHARMA-sana23@examplebank,300.00 Cr,79000.00
03-10-2026,UPI-840909743953-POOJA PATEL-pooja83@examplebank,300.00 Cr,79300.00
03-10-2026,UPI-367190229413-SNEHA IYER-sneha33@examplebank,600.00 Cr,79900.00
04-10-2026,UPI-SWATHI DAS-swathi93@examplebank,600.00 Cr,80500.00
04-10-2026,UPI-MEERA IYER-meera81@examplebank,300.00 Cr,80800.00
04-10-2026,UPI-693618324210-AYESHA PATEL-ayesha46@examplebank,500.00 Cr,81300.00
04-10-2026,UPI-517810801326-AARAV SHARMA-aarav78@examplebank,300.00 Cr,81600.00
04-10-2026,UPI-856670106513-PRIYA REDDY-priya41@examplebank,500.00 Cr,82100.00
04-10-2026,UPI-358506431713-PRINT SHOP-PAID,3600.00 Dr,78500.00
04-10-2026,UPI-712567468071-ISHAAN GUPTA-ishaan72@examplebank,600.00 Cr,79100.00
04-10-2026,UPI-827298069901-SWATHI NAIR-swathi65@examplebank,300.00 Cr,79400.00
04-10-2026,UPI-892617964053-SOUND HIRE CO-PAID,1600.00 Dr,77800.00
04-10-2026,UPI-DIYA IYER-diya15@examplebank,300.00 Cr,78100.00
04-10-2026,UPI-921489513433-MEERA SHARMA-meera51@examplebank,300.00 Cr,78400.00
04-10-2026,UPI-778856855744-ADITYA RAO-aditya21@examplebank,300.00 Cr,78700.00
04-10-2026,UPI-SANA NAIR-sana52@examplebank,500.00 Cr,79200.00
04-10-2026,UPI-287603859770-SWATHI VERMA-swathi51@examplebank,300.00 Cr,79500.00
05-10-2026,UPI-RAHUL REDDY-rahul80@examplebank,500.00 Cr,80000.00
05-10-2026,UPI-899854353462-AARAV VERMA-aarav82@examplebank,300.00 Cr,80300.00
05-10-2026,UPI-SAI KHAN-sai81@examplebank,300.00 Cr,80600.00
05-10-2026,UPI-ISHAAN IYER-ishaan63@examplebank,300.00 Cr,80900.00
05-10-2026,UPI-383673657661-PHOTO STUDIO-PAID,4000.00 Dr,76900.00
05-10-2026,UPI-769816934060-KARTHIK RAO-karthik43@examplebank,300.00 Cr,77200.00
05-10-2026,UPI-HARSHA IYER-harsha54@examplebank,300.00 Cr,77500.00
05-10-2026,UPI-728809570154-SAI RAO-sai48@examplebank,150.00 Cr,77650.00
05-10-2026,UPI-870546688937-POOJA SHARMA-pooja59@examplebank,150.00 Cr,77800.00
05-10-2026,UPI-FAIZAN PATEL-faizan43@examplebank,300.00 Cr,78100.00
05-10-2026,UPI-AARAV PATEL-aarav24@examplebank,300.00 Cr,78400.00
05-10-2026,UPI-284124118244-PRIYA RAO-priya79@examplebank,500.00 Cr,78900.00
05-10-2026,UPI-RIYA KHAN-riya49@examplebank,300.00 Cr,79200.00
05-10-2026,UPI-PRIYA DAS-priya32@examplebank,300.00 Cr,79500.00
06-10-2026,UPI-614586850142-ANANYA PATEL-ananya39@examplebank,300.00 Cr,79800.00
06-10-2026,UPI-786578091343-ARJUN GUPTA-arjun43@examplebank,300.00 Cr,80100.00
06-10-2026,UPI-208427109477-MEERA PATEL-meera32@examplebank,300.00 Cr,80400.00
06-10-2026,UPI-959464743671-IMRAN VERMA-imran69@examplebank,150.00 Cr,80550.00
06-10-2026,UPI-517278895798-RIYA PATEL-riya38@examplebank,300.00 Cr,80850.00
06-10-2026,UPI-732931839335-BANNER WORKS-PAID,4900.00 Dr,75950.00
06-10-2026,UPI-305183473829-ADITYA DAS-aditya38@examplebank,300.00 Cr,76250.00
06-10-2026,UPI-761595148465-FAIZAN IYER-faizan78@examplebank,300.00 Cr,76550.00
06-10-2026,UPI-924005045562-MEERA GUPTA-meera65@examplebank,600.00 Cr,77150.00
06-10-2026,UPI-NEHA RAO-neha90@examplebank,300.00 Cr,77450.00
06-10-2026,UPI-410470952145-IMRAN DAS-imran89@examplebank,300.00 Cr,77750.00
06-10-2026,UPI-940164005242-SNEHA DAS-sneha53@examplebank,300.00 Cr,78050.00
