Txn Date,Details,Amount,Running Balance
2026-10-01 08:29:39,Received from ARJUN VERMA (arjun48@examplebank) Ref 318384251354,300.00,90300.00
2026-10-01 09:14:43,Received from POOJA RAO (pooja51@examplebank) Ref 249027874296,300.00,90600.00
2026-10-01 09:46:31,Received from KARTHIK SHARMA (karthik40@examplebank),150.00,90750.00
2026-10-01 10:09:14,Received from IMRAN GUPTA (imran50@examplebank),150.00,90900.00
2026-10-01 10:24:00,Received from ARJUN RAO (arjun37@examplebank) Ref 847468723430,150.00,91050.00
2026-10-01 12:56:28,Received from VIVAAN RAO (vivaan41@examplebank) Ref 579965075273,150.00,91200.00
2026-10-01 13:38:09,Paid to STATIONERY POINT Ref 324998569847,-1200.00,90000.00
2026-10-01 15:32:14,Paid to TROPHY MART Ref 284700766177,-4500.00,85500.00
2026-10-01 18:53:09,Received from LAKSHMI REDDY (lakshmi24@examplebank) Ref 948467737826,300.00,85800.00
2026-10-01 21:07:09,Received from FATIMA SHARMA (fatima75@examplebank) Ref 469166978480,300.00,86100.00
2026-10-02 08:16:24,Received from ADITYA VERMA (aditya27@examplebank) Ref 737556464170,150.00,86250.00
2026-10-02 10:11:05,Received from KARTHIK PATEL (karthik62@examplebank),300.00,86550.00
2026-10-02 14:42:24,Received from ROHAN SHARMA (rohan47@examplebank) Ref 499468044369,300.00,86850.00
2026-10-02 17:20:01,Paid to STAGE RENTALS Ref 440268117758,-5800.00,81050.00
2026-10-02 18:15:42,Received from FAIZAN KHAN (faizan15@examplebank) Ref 358692322602,150.00,81200.00
2026-10-02 19:55:30,Received from HARSHA REDDY (harsha80@examplebank) Ref 943487347143,300.00,81500.00
2026-10-02 20:57:38,Paid to CATERING HUB Ref 242284210205,-5700.00,75800.00
2026-10-02 21:04:17,Received from SAI REDDY (sai86@examplebank) Ref 858404499727,300.00,76100.00
2026-10-03 08:03:37,Received from ISHA DAS (isha79@examplebank) Ref 988208121913,300.00,76400.00
2026-10-03 09:47:34,Received from MANOJ SHARMA (manoj25@examplebank) Ref 433749894134,500.00,76900.00
2026-10-03 10:38:38,Received from NAVEEN IYER (naveen69@examplebank) Ref 324190496631,300.00,77200.00
2026-10-03 11:41:04,Received from NIKHIL DAS (nikhil16@examplebank),600.00,77800.00
2026-10-03 14:42:41,Received from AYESHA VERMA (ayesha98@examplebank) Ref 778713315098,300.00,78100.00
2026-10-03 15:56:44,Received from SAI IYER (sai80@examplebank) Ref 910932480861,300.00,78400.00
2026-10-03 18:05:10,Received from DIYA RAO (diya36@examplebank) Ref 528120679740,300.00,78700.00
2026-10-03 18:57:53,Received from SANA SHARMA (sana23@examplebank) Ref 926284987769,300.00,79000.00
2026-10-03 19:18:01,Received from POOJA PATEL (pooja83@examplebank) Ref 840909743953,300.00,79300.00
2026-10-03 21:30:07,Received from SNEHA IYER (sneha33@examplebank) Ref 367190229413,600.00,79900.00
2026-10-04 08:08:32,Received from SWATHI DAS (swathi93@examplebank),600.00,80500.00
2026-10-04 08:16:34,Received from MEERA IYER (meera81@examplebank),300.00,80800.00
2026-10-04 09:43:14,Received from AYESHA PATEL (ayesha46@examplebank) Ref 693618324210,500.00,81300.00
2026-10-04 10:17:29,Received from AARAV SHARMA (aarav78@examplebank) Ref 517810801326,300.00,81600.00
2026-10-04 11:06:06,Received from PRIYA REDDY (priya41@examplebank) Ref 856670106513,500.00,82100.00
2026-10-04 11:54:23,Paid to PRINT SHOP Ref 358506431713,-3600.00,78500.00
2026-10-04 13:26:21,Received from ISHAAN GUPTA (ishaan72@examplebank) Ref 712567468071,600.00,79100.00
2026-10-04 13:42:43,Received from SWATHI NAIR (swathi65@examplebank) Ref 827298069901,300.00,79400.00
2026-10-04 15:23:42,Paid to SOUND HIRE CO Ref 892617964053,-1600.00,77800.00
2026-10-04 17:54:49,Received from DIYA IYER (diya15@examplebank),300.00,78100.00
2026-10-04 18:13:32,Received from MEERA SHARMA (meera51@examplebank) Ref 921489513433,300.00,78400.00
2026-10-04 19:15:19,Received from ADITYA RAO (aditya21@examplebank) Ref 778856855744,300.00,78700.00
2026-10-04 20:42:55,Received from SANA NAIR (sana52@examplebank),500.00,79200.00
2026-10-04 21:32:52,Received from SWATHI VERMA (swathi51@examplebank) Ref 287603859770,300.00,79500.00
2026-10-05 08:07:04,Received from RAHUL REDDY (rahul80@examplebank),500.00,80000.00
2026-10-05 08:39:05,Received from AARAV VERMA (aarav82@examplebank) Ref 899854353462,300.00,80300.00
2026-10-05 11:41:04,Received from SAI KHAN (sai81@examplebank),300.00,80600.00
2026-10-05 11:49:33,Received from ISHAAN IYER (ishaan63@examplebank),300.00,80900.00
2026-10-05 14:06:50,Paid to PHOTO STUDIO Ref 383673657661,-4000.00,76900.00
2026-10-05 14:22:46,Received from KARTHIK RAO (karthik43@examplebank) Ref 769816934060,300.00,77200.00
2026-10-05 14:29:59,Received from HARSHA IYER (harsha54@examplebank),300.00,77500.00
2026-10-05 17:12:09,Received from SAI RAO (sai48@examplebank) Ref 728809570154,150.00,77650.00
2026-10-05 19:01:54,Received from POOJA SHARMA (pooja59@examplebank) Ref 870546688937,150.00,77800.00
2026-10-05 19:56:17,Received from FAIZAN PATEL (faizan43@examplebank),300.00,78100.00
2026-10-05 20:17:49,Received from AARAV PATEL (aarav24@examplebank),300.00,78400.00
2026-10-05 20:41:33,Received from PRIYA RAO (priya79@examplebank) Ref 284124118244,500.00,78900.00
2026-10-05 22:18:28,Received from RIYA KHAN (riya49@examplebank),300.00,79200.00
2026-10-05 22:23:33,Received from PRIYA DAS (priya32@examplebank),300.00,79500.00
2026-10-06 11:25:21,Received from ANANYA PATEL (ananya39@examplebank) Ref 614586850142,300.00,79800.00
2026-10-06 14:41:05,Received from ARJUN GUPTA (arjun43@examplebank) Ref 786578091343,300.00,80100.00
2026-10-06 16:08:17,Received from MEERA PATEL (meera32@examplebank) Ref 208427109477,300.00,80400.00
2026-10-06 16:10:04,Received from IMRAN VERMA (imran69@examplebank) Ref 959464743671,150.00,80550.00
2026-10-06 16:29:03,Received from RIYA PATEL (riya38@examplebank) Ref 517278895798,300.00,80850.00
2026-10-06 17:01:03,Paid to BANNER WORKS Ref 732931839335,-4900.00,75950.00
2026-10-06 18:03:14,Received from ADITYA DAS (aditya38@examplebank) Ref 305183473829,300.00,76250.00
2026-10-06 19:42:12,Received from FAIZAN IYER (faizan78@examplebank) Ref 761595148465,300.00,76550.00
2026-10-06 19:55:06,Received from MEERA GUPTA (meera65@examplebank) Ref 924005045562,600.00,77150.00
2026-10-06 20:19:54,Received from NEHA RAO (neha90@examplebank),300.00,77450.00
2026-10-06 20:42:43,Received from IMRAN DAS (imran89@examplebank) Ref 410470952145,300.00,77750.00
2026-10-06 21:16:32,Received from SNEHA DAS (sneha53@examplebank) Ref 940164005242,300.00,78050.00
